Nota;Data;Filial;Vendedor;Produto;Qtd;Valor Unitário;Desconto;Total
004180;01/09/2026;Iguatu;Carla;Sofá 3 lugares;1;2.499,90;249,99;2.249,91
004181;01/09/2026;Crato;Bruna;Sofá 3 lugares;2;2.499,90;249,99;4.749,81
004182;02/09/2026;Crato;Bruna;"Smart TV 50""";1;2.599,90;0,00;2.599,90
004183;02/09/2026;Juazeiro do Norte;Rita;Geladeira frost free 375L;1;3.899,00;194,95;3.704,05
004184;03/09/2026;Quixadá;Davi;Guarda-roupa 6 portas;1;1.349,90;40,50;1.309,40
004185;03/09/2026;Juazeiro do Norte;Rita;Geladeira frost free 375L;2;3.899,00;623,84;7.174,16
004186;04/09/2026;Crato;Bruna;"Smart TV 50""";2;2.599,90;0,00;5.199,80
004187;04/09/2026;Juazeiro do Norte;Rita;Sofá 3 lugares;1;2.499,90;199,99;2.199,91
004188;05/09/2026;Quixadá;Davi;Ventilador de coluna;1;229,90;18,39;211,51
004189;05/09/2026;Iguatu;Joel;Geladeira frost free 375L;1;3.899,00;194,95;3.704,05
004190;06/09/2026;Crato;Bruna;Lavadora 12kg;2;2.299,00;137,94;4.460,06
004191;06/09/2026;Sobral;Lia;Guarda-roupa 6 portas;1;1.349,90;134,99;1.214,91
004192;07/09/2026;Juazeiro do Norte;Tiago;Micro-ondas 20L;1;649,90;142,98;506,92
004193;07/09/2026;Juazeiro do Norte;Rita;Sofá 3 lugares;1;2.499,90;0,00;2.499,90
004194;08/09/2026;Crato;Bruna;"Smart TV 50""";1;2.599,90;0,00;2.599,90
004195;08/09/2026;Quixadá;Davi;Geladeira frost free 375L;1;3.899,00;116,97;3.782,03
004196;09/09/2026;Juazeiro do Norte;Rita;Geladeira frost free 375L;1;3.899,00;311,92;3.587,08
004197;09/09/2026;Quixadá;Davi;Cama box casal;1;1.799,00;0,00;1.799,00
004198;10/09/2026;Crato;Bruna;Ventilador de coluna;1;229,90;0,00;229,90
004199;10/09/2026;Sobral;Lia;Micro-ondas 20L;1;649,90;64,99;584,91
004200;11/09/2026;Quixadá;Davi;Guarda-roupa 6 portas;1;1.349,90;134,99;1.214,91
004201;11/09/2026;Sobral;Lia;"Smart TV 50""";1;2.599,90;0,00;2.599,90
004202;12/09/2026;Iguatu;Joel;Lavadora 12kg;1;2.299,00;0,00;2.299,00
004203;12/09/2026;Crato;Bruna;Ventilador de coluna;1;229,90;11,50;468,40
004204;13/09/2026;Juazeiro do Norte;Rita;"Smart TV 50""";2;2.599,90;519,98;4.679,82
004205;13/09/2026;Quixadá;Davi;Lavadora 12kg;1;2.299,00;183,92;2.115,08
004206;14/09/2026;Crato;Bruna;Geladeira frost free 375L;1;3.899,00;0,00;3.899,00
004207;14/09/2026;Quixadá;Davi;Cama box casal;1;1.799,00;143,92;1.655,08
004208;15/09/2026;Iguatu;Carla;Lavadora 12kg;1;2.299,00;114,95;2.184,05
004209;15/09/2026;Crato;Bruna;Guarda-roupa 6 portas;1;1.349,90;40,50;1.309,40
004210;16/09/2026;Quixadá;Davi;Geladeira frost free 375L;1;3.899,00;389,90;3.509,10
004211;16/09/2026;Crato;Bruna;Cama box casal;1;1.799,00;323,82;1.475,18
004212;17/09/2026;Iguatu;Carla;Geladeira frost free 375L;2;3.899,00;389,90;7.408,10
004213;17/09/2026;Sobral;Marcos;Micro-ondas 20L;1;649,90;32,49;617,41
004214;18/09/2026;Iguatu;Joel;Micro-ondas 20L;2;649,90;64,99;1.234,81
004215;18/09/2026;Iguatu;Carla;Sofá 3 lugares;1;2.499,90;0,00;2.499,90
004215;19/09/2026;Sobral;Marcos;Lavadora 12kg;1;2.299,00;0,00;2.299,00
004217;19/09/2026;Iguatu;Carla;Micro-ondas 20L;1;649,90;0,00;649,90
004218;20/09/2026;Crato;Bruna;Geladeira frost free 375L;1;3.899,00;194,95;3.704,05
004219;20/09/2026;Quixadá;Davi;"Smart TV 50""";2;2.599,90;519,98;4.679,82
004220;21/09/2026;Iguatu;Carla;Ventilador de coluna;1;229,90;22,99;206,91
004221;21/09/2026;Quixadá;Davi;Guarda-roupa 6 portas;1;1.349,90;67,50;1.282,40
